id,customer_name
100198,Rempel - Will
100168,Rohan - Kulas
100181,"Kertzmann, Hagenes and Runolfsson"
100300,"Bruen, Gaylord and Moore"
100116,"Hilll, Beer and Upton"
100213,"Grady, Herzog and Lindgren"
100241,"Walter, Funk and Fay"
100159,"Gottlieb, Kuhlman and Boyer"
100185,Thiel - Watsica
100218,Mann - Brown
100258,Schamberger - Hermiston
100129,"Johnson, Jacobi and Rempel"
100152,Hackett - Thompson
100197,"Wiegand, Heidenreich and Oberbrunner"
100201,Schmitt Inc
100143,Lebsack and Sons
100138,"Mertz, Kertzmann and Herman"
100135,Nitzsche - Schuster
100231,Olson Group
100153,"Turcotte, Dare and Pfannerstill"
100232,"Gutmann, Towne and Reichert"
100175,Runolfsson LLC
100117,Lesch LLC
100101,Boehm - Hermiston
100246,Bernhard - Paucek
100261,D'Amore - Satterfield
100220,"Grimes, Thompson and Sporer"
'100223',Bednar LLC
100289,Hayes and Sons
100169,Toy LLC
100221,Boyer Group
100227,"Moore, Davis and Cremin"
'100123',"Connelly, Bednar and Schumm"
100125,MacGyver Inc
100128,Emmerich - Weimann
100278,"Dicki, Rolfson and Weissnat"
100131,Vandervort - Stehr
100292,Nader - Swaniawski
100226,Harvey - Fay
100154,Ankunding Inc
100214,Crona Group
100267,Carroll Inc
100245,Moen - Jenkins
100290,Greenholt - Fisher
100104,Schmeler Group
'100299',"Padberg, Okuneva and Schuster"
100156,"Herman, Hettinger and Ziemann"
100237,Powlowski Inc
100103,"Weber, Larkin and Hermann"
100130,Nader - Macejkovic
100262,"Funk, Little and Wintheiser"
100242,Effertz - Rath
100269,"Willms, Kozey and Erdman"
100100,Wisozk - Brekke
100257,Rolfson - Lesch
100253,"Harvey, Hegmann and Gaylord"
100142,Bailey and Sons
100174,Bogan and Sons
100265,"Pollich, O'Keefe and Vandervort"
100256,"Kunde, Kutch and MacGyver"
100244,Harber - Hessel
100132,"Hickle, Kovacek and O'Connell"
100286,"Bernhard, Tremblay and Johnson"
100114,Balistreri LLC
100252,"Batz, Ratke and Leuschke"
100144,"Weimann, Wyman and Zboncak"
100279,Corkery - Ziemann
100194,"Sipes, Deckow and Cronin"
100113,Trantow Group
100282,Gulgowski Inc
100215,Heidenreich - Rowe
100210,Kihn Inc
100209,Ebert LLC
100127,"Zemlak, Nader and Rolfson"
'100287',"O'Connell, Schaden and Funk"
100183,Oberbrunner Group
100248,Runolfsson and Sons
100118,"Stokes, DuBuque and Hansen"
100141,Murazik Inc
100236,"Haley, Kilback and Will"
100193,"Reinger, Schuster and Veum"
100251,Dietrich - Douglas
100294,"Aufderhar, Adams and Bednar"
100133,Jaskolski LLC
100120,Schneider - Pacocha
100295,"Purdy, Bartell and Lesch"
100182,Marvin and Sons
100263,"Schuster, Pfannerstill and Funk"
100140,Donnelly - Koch
100270,Batz LLC
100234,Sporer Inc
'100298',Kuphal and Sons
100112,Frami Inc
100228,Thompson and Sons
100200,Abernathy - Price
100238,"Fay, Dickinson and Yost"
100166,Wehner and Sons
100230,"Wintheiser, Hansen and McGlynn"
100275,Abernathy LLC
100264,"Halvorson, Wilkinson and Smitham"
100225,"Goldner, Howell and Hayes"
100106,Moore LLC
100136,Ullrich Inc
100150,Grant Inc
'100119',"McClure, Pfeffer and Gulgowski"
100216,"Dach, Beer and Hoeger"
100190,Hansen - Stracke
100273,"Hills, Homenick and Zieme"
100176,"Fritsch, Schultz and Fay"
100191,"Crona, Swaniawski and Cummerata"
100217,Satterfield - Trantow
'100110',Zulauf LLC
100178,"Heller, Bartell and Labadie"
100139,"Jacobs, Daugherty and Towne"
100229,Rath - Stehr
100224,Grady - King
100211,Schoen Group
100177,"Hettinger, Lowe and Stracke"
100172,Bradtke - Casper
'100212',"Stokes, Leuschke and Nader"
100280,Koepp LLC
100240,"Romaguera, Grant and Rath"
100124,Schmidt LLC
100281,"Lubowitz, Grady and Spinka"
100180,Willms - Blick
100189,"Kunze, Stiedemann and Steuber"
100162,"Leffler, Price and Bayer"
100151,Hilll - Bosco
100255,"Mills, Kunze and Reichert"
100219,Streich - Ryan
100108,O'Connell - Heidenreich
100203,"Wisozk, Farrell and Sauer"
100173,Robel - Beatty
100149,"Herman, Hoppe and Legros"
100285,"Larkin, Pagac and Hirthe"
100250,Mohr and Sons
100291,O'Reilly - Willms
100260,Lemke Inc
'100204',Dooley and Sons
100276,"Windler, Bernier and Dare"
100147,Monahan - Effertz
100268,Pouros - Bayer
100126,Treutel - Kuhic
100277,Lind LLC
100274,Gulgowski Group
100157,"Lubowitz, Labadie and Effertz"
100296,Rempel - Cruickshank
100249,"Connelly, Wilderman and Dicki"
100259,Wiza and Sons
100158,Walsh - Zieme
100165,Johnston Group
100235,"Harvey, Reichel and Wunsch"
100222,"Brakus, Roob and Bauch"
100288,Parisian - Batz
100266,"Zemlak, Lindgren and Kunde"
100115,Olson - Orn
100111,"Shanahan, Bosco and Hammes"
100195,Kozey Inc
100179,Larkin Group
100208,Gutmann - Goodwin
100205,Haley Group
100254,"Roob, Padberg and Cassin"
100134,Schmidt LLC
100105,Toy - Franecki
100122,"Schaden, Becker and Rutherford"
100186,"King, Keebler and Murphy"
100284,"Wilderman, Turner and Prosacco"
100206,"O'Kon, Murray and Beier"
100155,Schinner - Jenkins
100171,O'Hara Group
'100188',"Kris, Hackett and Hansen"
100170,Rolfson - Hintz
100137,"Stokes, Gaylord and Macejkovic"
100293,"Stiedemann, Schaefer and Hagenes"
100272,Prosacco LLC
100297,Gerlach and Sons
100121,Bogisich and Sons
100271,Runte Inc
100148,"Kulas, Schmeler and Connelly"
100239,Jacobson - Rohan
100161,Ankunding - Dicki
100184,"Haley, Schaden and Walter"
100233,Grady - Rosenbaum
'100243',Stehr and Sons
100164,Fadel LLC
100145,Crona - Durgan
100199,Batz and Sons
100283,Conroy - Dietrich
100207,"Hermiston, Muller and Von"
100107,Graham - Fisher
100167,Howe Inc
100192,Casper Group
100146,"Weissnat, Sauer and Franecki"
100187,Thompson LLC
100163,Harris LLC
100160,Dickens Inc
100202,"Schmeler, Von and Mann"
100247,Bernhard - Bartoletti
100109,"Schinner, Schulist and Schultz"
100102,Deckow LLC
100196,Franecki LLC
